label,rho0,eta_istdp,tau_istdp,ee_plasticity,epoch,pr_exec,pr_prep,ortho_deg,jpca_above_shuffle
rho1.5_eta0.5_tau10_eeoff,1.5,5e-13,0.01,False,0,52.43676137914243,9.19752596036765,82.57997541153607,-0.05082479614234625
rho1.5_eta0.5_tau10_eeoff,1.5,5e-13,0.01,False,50,53.52365920287987,11.324431656713362,83.34760708860783,0.013734648738850885
rho1.5_eta0.5_tau10_eeoff,1.5,5e-13,0.01,False,100,53.31351240072546,12.234551598913752,84.3079228671724,0.0003531372610054567
rho1.5_eta0.5_tau10_eeon,1.5,5e-13,0.01,True,0,52.43676137914243,9.19752596036765,82.57997541153607,-0.05082479614234625
rho1.5_eta0.5_tau10_eeon,1.5,5e-13,0.01,True,50,52.859534923482656,11.187508173889778,83.96070868766037,0.01743267484413087
rho1.5_eta0.5_tau10_eeon,1.5,5e-13,0.01,True,100,52.75825944796265,12.105118379951312,81.98670329960323,0.022886611219319924
rho1.5_eta0.5_tau20_eeoff,1.5,5e-13,0.02,False,0,52.74785148141399,10.003205987452166,84.0453191551219,-0.013026113328933303
rho1.5_eta0.5_tau20_eeoff,1.5,5e-13,0.02,False,50,52.89023323190957,12.254640234157431,83.56254448505884,-0.05053970964316415
rho1.5_eta0.5_tau20_eeoff,1.5,5e-13,0.02,False,100,52.94910823312892,13.761322804751359,84.55087496007616,-0.021323650150498225
rho1.5_eta0.5_tau20_eeon,1.5,5e-13,0.02,True,0,52.74785148141399,10.003205987452166,84.0453191551219,-0.013026113328933303
rho1.5_eta0.5_tau20_eeon,1.5,5e-13,0.02,True,50,53.00174005029181,12.352120430274203,84.55494598271935,-0.010734325957112767
rho1.5_eta0.5_tau20_eeon,1.5,5e-13,0.02,True,100,53.52755011289678,13.75715768427147,84.78237045165481,-0.01550086658733342
rho1.5_eta0.5_tau40_eeoff,1.5,5e-13,0.04,False,0,52.57661983155891,10.928858653669748,84.05111260668102,0.024215652254674883
rho1.5_eta0.5_tau40_eeoff,1.5,5e-13,0.04,False,50,52.9530821948092,14.201581494863635,83.94901728909625,-0.020457058705246528
rho1.5_eta0.5_tau40_eeoff,1.5,5e-13,0.04,False,100,53.150170349598355,17.38780912533461,85.3147062835879,0.004055022304875977
rho1.5_eta0.5_tau40_eeon,1.5,5e-13,0.04,True,0,52.57661983155891,10.928858653669748,84.05111260668102,0.024215652254674883
rho1.5_eta0.5_tau40_eeon,1.5,5e-13,0.04,True,50,53.3591063540741,14.1966625756217,85.42618941848562,0.03064103450618974
rho1.5_eta0.5_tau40_eeon,1.5,5e-13,0.04,True,100,53.52816183486612,17.168303529265096,84.41775635503146,0.013926245811717586
rho1.5_eta1_tau10_eeoff,1.5,1e-12,0.01,False,0,52.68086546911927,9.905037082720247,82.98286019675251,-0.013862305307424092
rho1.5_eta1_tau10_eeoff,1.5,1e-12,0.01,False,50,52.99315546933243,12.361032798357174,84.33571371672419,0.03803388080483072
rho1.5_eta1_tau10_eeoff,1.5,1e-12,0.01,False,100,53.21737835001383,13.810003595520108,83.0790124059983,-0.04768587768677797
rho1.5_eta1_tau10_eeon,1.5,1e-12,0.01,True,0,52.68086546911927,9.905037082720247,82.98286019675251,-0.013862305307424092
rho1.5_eta1_tau10_eeon,1.5,1e-12,0.01,True,50,53.009315888874724,12.131798099967588,82.93774416732104,-0.00016994359879343723
rho1.5_eta1_tau10_eeon,1.5,1e-12,0.01,True,100,53.23100178857022,13.384591151031513,83.6150595583103,0.006736247170592874
rho1.5_eta1_tau20_eeoff,1.5,1e-12,0.02,False,0,53.3374019639808,11.125475203515512,84.67876938630734,-0.007006642855445583
rho1.5_eta1_tau20_eeoff,1.5,1e-12,0.02,False,50,52.88795733618223,14.07348060431168,84.32522970459326,-0.0172956375434941
rho1.5_eta1_tau20_eeoff,1.5,1e-12,0.02,False,100,53.40677379363271,17.024433713611188,84.07311792919437,0.0005679137268508605
rho1.5_eta1_tau20_eeon,1.5,1e-12,0.02,True,0,53.3374019639808,11.125475203515512,84.67876938630734,-0.007006642855445583
rho1.5_eta1_tau20_eeon,1.5,1e-12,0.02,True,50,52.94412970817387,14.261915843928525,84.95921151020629,0.04848391735287541
rho1.5_eta1_tau20_eeon,1.5,1e-12,0.02,True,100,53.35739378852854,17.249890918320684,84.54202270833385,-0.030937586773020234
rho1.5_eta1_tau40_eeoff,1.5,1e-12,0.04,False,0,52.780462849024616,12.173124504691636,84.17068616965743,-0.01717546774671387
rho1.5_eta1_tau40_eeoff,1.5,1e-12,0.04,False,50,53.42946874340275,17.710897580014947,84.66942968949682,0.011427485017295694
rho1.5_eta1_tau40_eeoff,1.5,1e-12,0.04,False,100,53.79345552769002,23.693586353144166,85.71294346713141,-0.06245034707883776
rho1.5_eta1_tau40_eeon,1.5,1e-12,0.04,True,0,52.780462849024616,12.173124504691636,84.17068616965743,-0.01717546774671387
rho1.5_eta1_tau40_eeon,1.5,1e-12,0.04,True,50,53.37879071616364,17.628644259839962,85.0009416314647,0.05125652142069501
rho1.5_eta1_tau40_eeon,1.5,1e-12,0.04,True,100,53.6827784227083,23.502404768345407,84.75458347204581,0.011645726812858331
rho1.5_eta2_tau10_eeoff,1.5,2e-12,0.01,False,0,52.487684909061386,10.809856031529762,84.78369817632608,-0.007665464979139697
rho1.5_eta2_tau10_eeoff,1.5,2e-12,0.01,False,50,52.536366282518514,14.168113615364785,84.3831714887996,-0.028152230564188044
rho1.5_eta2_tau10_eeoff,1.5,2e-12,0.01,False,100,53.470162951046504,17.28150485605253,84.97752346966404,-0.03417283607496341
rho1.5_eta2_tau10_eeon,1.5,2e-12,0.01,True,0,52.487684909061386,10.809856031529762,84.78369817632608,-0.007665464979139697
rho1.5_eta2_tau10_eeon,1.5,2e-12,0.01,True,50,53.650686288634944,14.149665299030627,84.60885550536078,-0.031474054377777436
rho1.5_eta2_tau10_eeon,1.5,2e-12,0.01,True,100,53.2147361024881,16.360854795633806,84.39645103636141,0.04422052344936381
rho1.5_eta2_tau20_eeoff,1.5,2e-12,0.02,False,0,52.84897588097474,12.211374836498171,84.9459637562419,-0.01600882449894643
rho1.5_eta2_tau20_eeoff,1.5,2e-12,0.02,False,50,53.02079566613922,18.05494149220141,84.25246286366921,-0.006270440562470947
rho1.5_eta2_tau20_eeoff,1.5,2e-12,0.02,False,100,53.570787589764734,22.27786493269758,84.85939784194738,0.0020466860930167946
rho1.5_eta2_tau20_eeon,1.5,2e-12,0.02,True,0,52.84897588097474,12.211374836498171,84.9459637562419,-0.01600882449894643
rho1.5_eta2_tau20_eeon,1.5,2e-12,0.02,True,50,52.963580883885626,17.45415894617132,84.58175336125927,-0.011503028148156555
rho1.5_eta2_tau20_eeon,1.5,2e-12,0.02,True,100,53.570257665348485,22.321368050312046,84.38409052241228,-0.009834687548287716
rho1.5_eta2_tau40_eeoff,1.5,2e-12,0.04,False,0,53.021833762019035,13.908390037766726,84.29027379908662,-0.017964492047186087
rho1.5_eta2_tau40_eeoff,1.5,2e-12,0.04,False,50,53.000840761392006,23.89606590214027,84.02664285655015,0.007546774897688763
rho1.5_eta2_tau40_eeoff,1.5,2e-12,0.04,False,100,53.7595791817036,29.61532706721481,84.5884637835704,-0.03296036334336497
rho1.5_eta2_tau40_eeon,1.5,2e-12,0.04,True,0,53.021833762019035,13.908390037766726,84.29027379908662,-0.017964492047186087
rho1.5_eta2_tau40_eeon,1.5,2e-12,0.04,True,50,53.186412019967925,24.24152637059402,84.16398840674754,-0.028544686314357623
rho1.5_eta2_tau40_eeon,1.5,2e-12,0.04,True,100,53.82816495040537,29.409483796690424,84.07124924367295,-0.04237714741788352
rho1.5_eta4_tau10_eeoff,1.5,4e-12,0.01,False,0,53.207386565280025,12.105948334604339,84.89006395114146,0.043948310726369566
rho1.5_eta4_tau10_eeoff,1.5,4e-12,0.01,False,50,53.630294295777816,17.550475986472367,84.69756786808496,0.0024345498613567995
rho1.5_eta4_tau10_eeoff,1.5,4e-12,0.01,False,100,53.14542973386319,22.103316215362522,85.10071707458931,-0.025878749552460903
rho1.5_eta4_tau10_eeon,1.5,4e-12,0.01,True,0,53.207386565280025,12.105948334604339,84.89006395114146,0.043948310726369566
rho1.5_eta4_tau10_eeon,1.5,4e-12,0.01,True,50,53.2573689504171,17.699291405059753,83.99102266510006,0.02551796547698852
rho1.5_eta4_tau10_eeon,1.5,4e-12,0.01,True,100,53.23614042659247,21.47730729588887,84.496579113757,-0.008827658465855578
rho1.5_eta4_tau20_eeoff,1.5,4e-12,0.02,False,0,52.69406594078555,14.109904255643539,84.49137397457363,0.007124899720958991
rho1.5_eta4_tau20_eeoff,1.5,4e-12,0.02,False,50,53.368865652231435,23.427092266303458,84.48260668971301,-0.023218297857412
rho1.5_eta4_tau20_eeoff,1.5,4e-12,0.02,False,100,53.55216810108647,26.902055611399447,83.6414213600566,-0.013088565878561442
rho1.5_eta4_tau20_eeon,1.5,4e-12,0.02,True,0,52.69406594078555,14.109904255643539,84.49137397457363,0.007124899720958991
rho1.5_eta4_tau20_eeon,1.5,4e-12,0.02,True,50,53.80829536193846,23.490184338356872,84.13432259912597,-0.016306785146680408
rho1.5_eta4_tau20_eeon,1.5,4e-12,0.02,True,100,53.36886885540579,27.985388146622142,83.81887342041264,0.000455100414096854
rho1.5_eta4_tau40_eeoff,1.5,4e-12,0.04,False,0,52.8939026550738,17.514825676486144,78.26666825795996,-0.0011887547413217264
rho1.5_eta4_tau40_eeoff,1.5,4e-12,0.04,False,50,53.43063460566876,30.6772029081583,81.83178784836149,0.08322034947478561
rho1.5_eta4_tau40_eeoff,1.5,4e-12,0.04,False,100,53.5968275861992,35.40819761757203,81.20694810395119,0.007062287137486203
rho1.5_eta4_tau40_eeon,1.5,4e-12,0.04,True,0,52.8939026550738,17.514825676486144,78.26666825795996,-0.0011887547413217264
rho1.5_eta4_tau40_eeon,1.5,4e-12,0.04,True,50,53.88918158353334,30.69881409448139,80.77953227466517,0.057875396605007054
rho1.5_eta4_tau40_eeon,1.5,4e-12,0.04,True,100,53.381003273759774,34.4929739640419,82.89419868679985,0.0046227141784325465
rho3_eta0.5_tau10_eeoff,3.0,5e-13,0.01,False,0,52.73429567804133,8.861927671341979,84.06945666915277,-0.005647853204943834
rho3_eta0.5_tau10_eeoff,3.0,5e-13,0.01,False,50,52.35870630872671,9.223835529631708,81.56288232024433,-0.034604179849593825
rho3_eta0.5_tau10_eeoff,3.0,5e-13,0.01,False,100,52.962452142445684,10.136503547714893,81.28257158899282,-0.0644891247198406
rho3_eta0.5_tau10_eeon,3.0,5e-13,0.01,True,0,52.73429567804133,8.861927671341979,84.06945666915277,-0.005647853204943834
rho3_eta0.5_tau10_eeon,3.0,5e-13,0.01,True,50,51.30225330366713,9.19675320269003,83.44076135119631,-0.02321764636014409
rho3_eta0.5_tau10_eeon,3.0,5e-13,0.01,True,100,49.37595932100402,9.915195847446814,80.48311163995919,-0.026485187848671196
rho3_eta0.5_tau20_eeoff,3.0,5e-13,0.02,False,0,53.17308348331934,9.19524735595865,84.07039947537048,-0.040663962392381375
rho3_eta0.5_tau20_eeoff,3.0,5e-13,0.02,False,50,51.34468612372625,10.526523654401204,82.36465056491164,-0.030817180757170687
rho3_eta0.5_tau20_eeoff,3.0,5e-13,0.02,False,100,52.41349663856976,12.529534581421851,80.73883053534497,-0.019626695951906664
rho3_eta0.5_tau20_eeon,3.0,5e-13,0.02,True,0,53.17308348331934,9.19524735595865,84.07039947537048,-0.040663962392381375
rho3_eta0.5_tau20_eeon,3.0,5e-13,0.02,True,50,51.04067673577031,10.212499431288318,81.90912513799796,-0.012054929851174692
rho3_eta0.5_tau20_eeon,3.0,5e-13,0.02,True,100,52.67757609086929,12.231569415107886,81.91693589678961,0.02237763578768115
rho3_eta0.5_tau40_eeoff,3.0,5e-13,0.04,False,0,52.197017628297175,9.667241087738468,81.68674556077646,0.01637118134961245
rho3_eta0.5_tau40_eeoff,3.0,5e-13,0.04,False,50,50.56269175443136,13.254141754798011,79.13826342515011,-0.02446823302049568
rho3_eta0.5_tau40_eeoff,3.0,5e-13,0.04,False,100,52.59351567959053,16.704851630426877,81.88671672140345,-0.008613915870542277
rho3_eta0.5_tau40_eeon,3.0,5e-13,0.04,True,0,52.197017628297175,9.667241087738468,81.68674556077646,0.01637118134961245
rho3_eta0.5_tau40_eeon,3.0,5e-13,0.04,True,50,50.34198001885267,13.119247124373112,79.7094265502678,-0.019854404592602543
rho3_eta0.5_tau40_eeon,3.0,5e-13,0.04,True,100,51.0811280452419,16.60784381546194,79.63834268519085,-0.02514834443850844
rho3_eta1_tau10_eeoff,3.0,1e-12,0.01,False,0,52.32911218520555,9.408296098032956,82.84228905567359,-0.024578210670122835
rho3_eta1_tau10_eeoff,3.0,1e-12,0.01,False,50,52.11468546440289,10.398273324697966,81.34300687352167,-0.047760851793446274
rho3_eta1_tau10_eeoff,3.0,1e-12,0.01,False,100,51.64761229101248,12.399490258081608,82.47486421764812,-0.017373508095694018
rho3_eta1_tau10_eeon,3.0,1e-12,0.01,True,0,52.32911218520555,9.408296098032956,82.84228905567359,-0.024578210670122835
rho3_eta1_tau10_eeon,3.0,1e-12,0.01,True,50,51.553127869499804,10.228012914379164,82.66107408936367,-0.00531920098446928
rho3_eta1_tau10_eeon,3.0,1e-12,0.01,True,100,51.62961990199285,12.036746769714409,81.20864800782242,0.01379931052671364
rho3_eta1_tau20_eeoff,3.0,1e-12,0.02,False,0,52.82575127163855,9.632025846745712,80.82072219803631,-0.017048217912430635
rho3_eta1_tau20_eeoff,3.0,1e-12,0.02,False,50,50.32866350552444,13.417809148184844,78.41733435517153,0.04753728465708415
rho3_eta1_tau20_eeoff,3.0,1e-12,0.02,False,100,53.11371442516041,16.32322424254045,79.87875974915376,-0.02023671922691697
rho3_eta1_tau20_eeon,3.0,1e-12,0.02,True,0,52.82575127163855,9.632025846745712,80.82072219803631,-0.017048217912430635
rho3_eta1_tau20_eeon,3.0,1e-12,0.02,True,50,51.065897379660264,12.804847478762039,80.69631030189242,0.014058706373034052
rho3_eta1_tau20_eeon,3.0,1e-12,0.02,True,100,52.89280390737818,16.315464332415978,81.36354885179836,-0.020600411003856206
rho3_eta1_tau40_eeoff,3.0,1e-12,0.04,False,0,51.494040732451474,10.658016418218953,79.12667044232927,-0.008010181333521674
rho3_eta1_tau40_eeoff,3.0,1e-12,0.04,False,50,51.5430743937354,18.20239032174298,76.96922790702482,-0.026271684368319725
rho3_eta1_tau40_eeoff,3.0,1e-12,0.04,False,100,52.366223591429126,22.51755759655702,77.3456271438282,0.02205005067509913
rho3_eta1_tau40_eeon,3.0,1e-12,0.04,True,0,51.494040732451474,10.658016418218953,79.12667044232927,-0.008010181333521674
rho3_eta1_tau40_eeon,3.0,1e-12,0.04,True,50,50.34434033053662,18.036002547162134,75.66813989708191,-0.03606329075051333
rho3_eta1_tau40_eeon,3.0,1e-12,0.04,True,100,52.49185106485782,21.92835709229785,78.4397345203032,-0.004147817008916893
rho3_eta2_tau10_eeoff,3.0,2e-12,0.01,False,0,52.227558362514834,9.591063210629189,81.13812575187207,-0.005656216166584696
rho3_eta2_tau10_eeoff,3.0,2e-12,0.01,False,50,51.29054512755128,12.977867973638071,80.24794209007386,-0.012938868343320212
rho3_eta2_tau10_eeoff,3.0,2e-12,0.01,False,100,52.01482721610481,15.816488731011184,81.62563525873728,0.040138460088816164
rho3_eta2_tau10_eeon,3.0,2e-12,0.01,True,0,52.227558362514834,9.591063210629189,81.13812575187207,-0.005656216166584696
rho3_eta2_tau10_eeon,3.0,2e-12,0.01,True,50,49.927082523346755,12.821373545239647,78.3166824362294,0.009019469435555177
rho3_eta2_tau10_eeon,3.0,2e-12,0.01,True,100,52.70430763561705,15.764978179276797,79.22279496479528,-0.023096239240392863
rho3_eta2_tau20_eeoff,3.0,2e-12,0.02,False,0,51.629653178313916,10.757106943384985,80.6236799052888,0.011077720452137993
rho3_eta2_tau20_eeoff,3.0,2e-12,0.02,False,50,51.494345844659456,17.568849749539176,78.67967312593393,0.00999951410488116
rho3_eta2_tau20_eeoff,3.0,2e-12,0.02,False,100,52.19462023216798,21.169327927232693,77.02796695860478,-0.012997407396671767
rho3_eta2_tau20_eeon,3.0,2e-12,0.02,True,0,51.629653178313916,10.757106943384985,80.6236799052888,0.011077720452137993
rho3_eta2_tau20_eeon,3.0,2e-12,0.02,True,50,52.26819324063058,17.360040472248382,76.62219812368375,-0.032061827918946254
rho3_eta2_tau20_eeon,3.0,2e-12,0.02,True,100,52.403147366026786,19.844099185311446,78.20095453692197,0.010838247488138941
rho3_eta2_tau40_eeoff,3.0,2e-12,0.04,False,0,49.30276061242647,13.624138131568635,68.65119949264479,-0.029808361395440935
rho3_eta2_tau40_eeoff,3.0,2e-12,0.04,False,50,52.41700400063212,24.125150232345565,69.78658137561662,-0.04847097754148985
rho3_eta2_tau40_eeoff,3.0,2e-12,0.04,False,100,52.28548164407841,26.895391236300163,74.19326970881556,-0.045537580256829635
rho3_eta2_tau40_eeon,3.0,2e-12,0.04,True,0,49.30276061242647,13.624138131568635,68.65119949264479,-0.029808361395440935
rho3_eta2_tau40_eeon,3.0,2e-12,0.04,True,50,51.48542661147083,24.21843428770759,71.24487327079382,-0.06749931323325921
rho3_eta2_tau40_eeon,3.0,2e-12,0.04,True,100,50.869333590032674,26.873795137754993,70.99915908293615,-0.04876385251976589
rho3_eta4_tau10_eeoff,3.0,4e-12,0.01,False,0,51.96135868490086,11.021260085150686,77.68261321282087,-0.05934434054137114
rho3_eta4_tau10_eeoff,3.0,4e-12,0.01,False,50,52.44406142319684,16.866166442595485,77.3190005489715,0.014409705845755696
rho3_eta4_tau10_eeoff,3.0,4e-12,0.01,False,100,52.17861212690003,18.233179988094623,76.86720629764568,-0.010839072580298051
rho3_eta4_tau10_eeon,3.0,4e-12,0.01,True,0,51.96135868490086,11.021260085150686,77.68261321282087,-0.05934434054137114
rho3_eta4_tau10_eeon,3.0,4e-12,0.01,True,50,52.79204815533152,16.365221647094387,77.67693144579175,-0.022639409952556616
rho3_eta4_tau10_eeon,3.0,4e-12,0.01,True,100,52.872497845837515,18.953923102051597,76.04814859164395,-0.03413003195577617
rho3_eta4_tau20_eeoff,3.0,4e-12,0.02,False,0,50.3235092558534,14.110672490980463,67.85508514593745,-0.03993639221181086
rho3_eta4_tau20_eeoff,3.0,4e-12,0.02,False,50,48.20503545381545,22.588721930059613,67.7387835978189,-0.012830883256412531
rho3_eta4_tau20_eeoff,3.0,4e-12,0.02,False,100,51.28250517300905,23.72554798724386,70.85716604135601,-0.05088432869600934
rho3_eta4_tau20_eeon,3.0,4e-12,0.02,True,0,50.3235092558534,14.110672490980463,67.85508514593745,-0.03993639221181086
rho3_eta4_tau20_eeon,3.0,4e-12,0.02,True,50,51.1990669590788,21.99859034070823,70.68200712215817,-0.06700430702947677
rho3_eta4_tau20_eeon,3.0,4e-12,0.02,True,100,50.92465383759804,23.537441061843577,72.95411690851942,-0.03998603623943939
rho3_eta4_tau40_eeoff,3.0,4e-12,0.04,False,0,47.71547322916338,19.840014675409556,61.0374921925753,-0.018872452740955947
rho3_eta4_tau40_eeoff,3.0,4e-12,0.04,False,50,49.405871245692055,30.71182198780155,62.49375425689685,-0.0336024606348595
rho3_eta4_tau40_eeoff,3.0,4e-12,0.04,False,100,49.82483492351318,31.441854316185456,66.02856768461903,-0.047464870584521646
rho3_eta4_tau40_eeon,3.0,4e-12,0.04,True,0,47.71547322916338,19.840014675409556,61.0374921925753,-0.018872452740955947
rho3_eta4_tau40_eeon,3.0,4e-12,0.04,True,50,48.13251786034585,30.162263549681278,62.514479139283964,-0.05320082367311989
rho3_eta4_tau40_eeon,3.0,4e-12,0.04,True,100,50.506610991975094,31.41750867794257,65.31672024766873,0.026093567931691028
rho5_eta0.5_tau10_eeoff,5.0,5e-13,0.01,False,0,52.030790496016444,8.495735203759773,81.41737481983527,-0.009149155899532552
rho5_eta0.5_tau10_eeoff,5.0,5e-13,0.01,False,50,39.92975893710581,8.36200611030656,74.8889245896849,0.025144355869956503
rho5_eta0.5_tau10_eeoff,5.0,5e-13,0.01,False,100,43.52923456021362,9.842273357358687,75.15249823176394,-0.0411228857308296
rho5_eta0.5_tau10_eeon,5.0,5e-13,0.01,True,0,52.030790496016444,8.495735203759773,81.41737481983527,-0.009149155899532552
rho5_eta0.5_tau10_eeon,5.0,5e-13,0.01,True,50,19.87590008299856,7.727888855486387,73.72121104757083,0.004091471232371885
rho5_eta0.5_tau10_eeon,5.0,5e-13,0.01,True,100,35.847139024815164,9.308490392617914,74.40025099254625,-0.004298268199617074
rho5_eta0.5_tau20_eeoff,5.0,5e-13,0.02,False,0,40.9856054264563,8.508511912493839,74.42055971026701,-0.024832104884987327
rho5_eta0.5_tau20_eeoff,5.0,5e-13,0.02,False,50,39.33099384861903,10.493025578826506,72.56883331853687,-0.0231977577303822
rho5_eta0.5_tau20_eeoff,5.0,5e-13,0.02,False,100,41.08337936912164,12.404645188384105,75.23970525103671,-0.03599158332962017
rho5_eta0.5_tau20_eeon,5.0,5e-13,0.02,True,0,40.9856054264563,8.508511912493839,74.42055971026701,-0.024832104884987327
rho5_eta0.5_tau20_eeon,5.0,5e-13,0.02,True,50,42.5334586022573,10.116581886868738,73.80605671882155,-0.020373277069626078
rho5_eta0.5_tau20_eeon,5.0,5e-13,0.02,True,100,37.70570094088036,11.968472707494781,72.51461226126933,-0.026058120011844307
rho5_eta0.5_tau40_eeoff,5.0,5e-13,0.04,False,0,31.078747030660523,9.25663495009379,69.08302554755885,0.0002101555014937459
rho5_eta0.5_tau40_eeoff,5.0,5e-13,0.04,False,50,38.448434778702584,13.658813056136658,66.4771449858184,-0.010581858794505822
rho5_eta0.5_tau40_eeoff,5.0,5e-13,0.04,False,100,37.33952940849073,16.227032320368817,71.06177057773047,-0.02969478874468949
rho5_eta0.5_tau40_eeon,5.0,5e-13,0.04,True,0,31.078747030660523,9.25663495009379,69.08302554755885,0.0002101555014937459
rho5_eta0.5_tau40_eeon,5.0,5e-13,0.04,True,50,43.13103424102461,13.670528374063629,68.24380230293933,-0.01776238459962215
rho5_eta0.5_tau40_eeon,5.0,5e-13,0.04,True,100,45.73089317448003,16.394842395313475,69.22491994281582,-0.01004513002956095
rho5_eta1_tau10_eeoff,5.0,1e-12,0.01,False,0,39.025373871912905,8.671254478517364,75.97549621727379,0.036864033277459574
rho5_eta1_tau10_eeoff,5.0,1e-12,0.01,False,50,37.63370636822729,9.881221076941104,73.3691291409379,-0.01522143278361552
rho5_eta1_tau10_eeoff,5.0,1e-12,0.01,False,100,40.611995649580905,12.304280997868226,73.23450893702491,-0.029815622444876608
rho5_eta1_tau10_eeon,5.0,1e-12,0.01,True,0,39.025373871912905,8.671254478517364,75.97549621727379,0.036864033277459574
rho5_eta1_tau10_eeon,5.0,1e-12,0.01,True,50,33.33988760293193,10.0369171759663,72.91696273097837,-0.012575609160311571
rho5_eta1_tau10_eeon,5.0,1e-12,0.01,True,100,46.32372411639867,11.859492640339349,75.13491174046356,-0.0037243829040109894
rho5_eta1_tau20_eeoff,5.0,1e-12,0.02,False,0,29.053133469627802,9.477210999158679,67.01481900710887,-0.027228143443111974
rho5_eta1_tau20_eeoff,5.0,1e-12,0.02,False,50,43.26027630386646,13.732726632092367,67.88669139083,-0.01080313884847603
rho5_eta1_tau20_eeoff,5.0,1e-12,0.02,False,100,37.136790396891264,15.474022008297618,70.07511291340359,0.012554878123244267
rho5_eta1_tau20_eeon,5.0,1e-12,0.02,True,0,29.053133469627802,9.477210999158679,67.01481900710887,-0.027228143443111974
rho5_eta1_tau20_eeon,5.0,1e-12,0.02,True,50,37.59415507346196,13.039788951060931,67.0549792160297,-0.06221966150922531
rho5_eta1_tau20_eeon,5.0,1e-12,0.02,True,100,43.35253116231395,15.617534584082446,71.64372049200678,-0.028662645445466733
rho5_eta1_tau40_eeoff,5.0,1e-12,0.04,False,0,40.12384441805497,11.619742110751181,58.812388076815594,-0.037948708576879625
rho5_eta1_tau40_eeoff,5.0,1e-12,0.04,False,50,36.42891757956612,18.403871746466937,57.58875199302479,-0.04491271788526724
rho5_eta1_tau40_eeoff,5.0,1e-12,0.04,False,100,38.61782219898512,21.02837457041541,62.579617083848554,-0.052728332538372474
rho5_eta1_tau40_eeon,5.0,1e-12,0.04,True,0,40.12384441805497,11.619742110751181,58.812388076815594,-0.037948708576879625
rho5_eta1_tau40_eeon,5.0,1e-12,0.04,True,50,41.02484220346304,18.244374424249028,58.611887371254355,-0.05102396204996247
rho5_eta1_tau40_eeon,5.0,1e-12,0.04,True,100,46.23229406821725,21.06385311218517,62.62657477635223,0.020966900748823306
rho5_eta2_tau10_eeoff,5.0,2e-12,0.01,False,0,32.22658631219613,9.449870707086033,68.31869638114455,-0.011610614952270198
rho5_eta2_tau10_eeoff,5.0,2e-12,0.01,False,50,37.08859665151302,12.95596256760423,68.31536197236298,0.007222541592296211
rho5_eta2_tau10_eeoff,5.0,2e-12,0.01,False,100,37.39195317779685,14.3486200914849,67.79386338334409,-0.04628086226211353
rho5_eta2_tau10_eeon,5.0,2e-12,0.01,True,0,32.22658631219613,9.449870707086033,68.31869638114455,-0.011610614952270198
rho5_eta2_tau10_eeon,5.0,2e-12,0.01,True,50,44.93354346732623,13.009364709400806,66.3291884374578,-0.013839323798020192
rho5_eta2_tau10_eeon,5.0,2e-12,0.01,True,100,45.53032272645354,14.364183641999709,70.71332357776089,-0.02436636947944351
rho5_eta2_tau20_eeoff,5.0,2e-12,0.02,False,0,39.10845941309294,11.791507109547345,56.415435727344324,-0.022181564830645997
rho5_eta2_tau20_eeoff,5.0,2e-12,0.02,False,50,43.04559891999469,17.36175433363718,56.61820175464158,-0.06396725214903394
rho5_eta2_tau20_eeoff,5.0,2e-12,0.02,False,100,40.379043869444644,18.64148079251396,64.1160919487039,-0.007434812953425879
rho5_eta2_tau20_eeon,5.0,2e-12,0.02,True,0,39.10845941309294,11.791507109547345,56.415435727344324,-0.022181564830645997
rho5_eta2_tau20_eeon,5.0,2e-12,0.02,True,50,41.42585135431999,17.412276174246816,57.27275814551052,-0.04724363282658092
rho5_eta2_tau20_eeon,5.0,2e-12,0.02,True,100,42.96910275335229,18.791404686802622,62.10009055032446,-0.0314011854478162
rho5_eta2_tau40_eeoff,5.0,2e-12,0.04,False,0,27.212840336086824,16.26442887864482,48.81048570173657,-0.028728651581239717
rho5_eta2_tau40_eeoff,5.0,2e-12,0.04,False,50,37.30530562723764,23.980331558715545,49.06706352640298,-0.0394123465175428
rho5_eta2_tau40_eeoff,5.0,2e-12,0.04,False,100,40.354913746994974,25.835845759410045,52.71303785189155,-0.05661230953497129
rho5_eta2_tau40_eeon,5.0,2e-12,0.04,True,0,27.212840336086824,16.26442887864482,48.81048570173657,-0.028728651581239717
rho5_eta2_tau40_eeon,5.0,2e-12,0.04,True,50,40.73992379210286,24.36762209618622,50.84328065193787,-0.05486017278456472
rho5_eta2_tau40_eeon,5.0,2e-12,0.04,True,100,43.209553971445125,26.139355034131096,52.89006408228226,-0.053046262192984944
rho5_eta4_tau10_eeoff,5.0,4e-12,0.01,False,0,29.10725642029109,11.81523635490942,58.06359303321954,-0.03751282915221728
rho5_eta4_tau10_eeoff,5.0,4e-12,0.01,False,50,41.217235551686024,15.982877635779932,59.35489984158499,-0.04901735198536708
rho5_eta4_tau10_eeoff,5.0,4e-12,0.01,False,100,45.028142031830484,17.09425214222184,61.14989686382969,-0.05957106804069706
rho5_eta4_tau10_eeon,5.0,4e-12,0.01,True,0,29.10725642029109,11.81523635490942,58.06359303321954,-0.03751282915221728
rho5_eta4_tau10_eeon,5.0,4e-12,0.01,True,50,42.31589266385501,16.074039846817033,58.08812030959939,-0.008611244956601191
rho5_eta4_tau10_eeon,5.0,4e-12,0.01,True,100,43.17331969324285,16.912084535969033,61.6279525892221,-0.05466390778708939
rho5_eta4_tau20_eeoff,5.0,4e-12,0.02,False,0,36.72775078553722,16.674043836159015,51.50073918135996,-0.04270100381150463
rho5_eta4_tau20_eeoff,5.0,4e-12,0.02,False,50,36.1630004015578,22.077070808515675,48.447569297672175,-0.0591331474274607
rho5_eta4_tau20_eeoff,5.0,4e-12,0.02,False,100,38.66963808900299,22.588777357062728,51.698757447506736,-0.024884513631350635
rho5_eta4_tau20_eeon,5.0,4e-12,0.02,True,0,36.72775078553722,16.674043836159015,51.50073918135996,-0.04270100381150463
rho5_eta4_tau20_eeon,5.0,4e-12,0.02,True,50,35.59481203421298,22.290787434590776,49.435680267918926,-0.04246068945901622
rho5_eta4_tau20_eeon,5.0,4e-12,0.02,True,100,42.51962744072529,22.80607346425292,53.118236590954616,-0.040432262049408835
rho5_eta4_tau40_eeoff,5.0,4e-12,0.04,False,0,32.66616893533767,23.50269017587419,46.10783754510556,-0.06118031029690127
rho5_eta4_tau40_eeoff,5.0,4e-12,0.04,False,50,36.97391255711413,30.078708514716553,47.178480764288295,-0.028087297811660417
rho5_eta4_tau40_eeoff,5.0,4e-12,0.04,False,100,35.82834173893253,31.439597641277615,49.391993916728104,-0.04673779127526592
rho5_eta4_tau40_eeon,5.0,4e-12,0.04,True,0,32.66616893533767,23.50269017587419,46.10783754510556,-0.06118031029690127
rho5_eta4_tau40_eeon,5.0,4e-12,0.04,True,50,38.65987151353196,30.780993873009432,48.53504767773741,-0.01965128996922602
rho5_eta4_tau40_eeon,5.0,4e-12,0.04,True,100,41.61757001298255,31.774947954356122,50.851383800508735,-0.04892617739668359
rho8_eta0.5_tau10_eeoff,8.0,5e-13,0.01,False,0,13.335258963100504,7.450309680498458,68.55374137730415,0.0016773736015872204
rho8_eta0.5_tau10_eeoff,8.0,5e-13,0.01,False,50,8.703909243268463,8.160257070030202,67.46474547598794,-0.004924645400401655
rho8_eta0.5_tau10_eeoff,8.0,5e-13,0.01,False,100,21.61818768760847,9.187120485798959,69.56021763307906,-0.030762911098274136
rho8_eta0.5_tau10_eeon,8.0,5e-13,0.01,True,0,13.335258963100504,7.450309680498458,68.55374137730415,0.0016773736015872204
rho8_eta0.5_tau10_eeon,8.0,5e-13,0.01,True,50,16.51821065975925,6.896568441709811,69.03950338979372,-0.01284194125573547
rho8_eta0.5_tau10_eeon,8.0,5e-13,0.01,True,100,47.358004380729966,8.657003233484994,72.36280396053438,0.03272021202341735
rho8_eta0.5_tau20_eeoff,8.0,5e-13,0.02,False,0,10.659024939248251,7.394390728964941,61.66839163911407,0.019322118324300773
rho8_eta0.5_tau20_eeoff,8.0,5e-13,0.02,False,50,20.832251766927975,10.391284457587268,62.30126304129998,-0.027487855914340095
rho8_eta0.5_tau20_eeoff,8.0,5e-13,0.02,False,100,26.02790951483735,11.951202868273127,65.46689394732556,-0.0309423927931511
rho8_eta0.5_tau20_eeon,8.0,5e-13,0.02,True,0,10.659024939248251,7.394390728964941,61.66839163911407,0.019322118324300773
rho8_eta0.5_tau20_eeon,8.0,5e-13,0.02,True,50,37.78643494193836,9.980811273924305,62.55829601613007,-0.004471209899662806
rho8_eta0.5_tau20_eeon,8.0,5e-13,0.02,True,100,51.112075492918585,11.60642580461596,72.07279761943839,-0.02352343188866364
rho8_eta0.5_tau40_eeoff,8.0,5e-13,0.04,False,0,14.382137246878006,9.37435195251682,46.587447599370634,-0.009373709033187669
rho8_eta0.5_tau40_eeoff,8.0,5e-13,0.04,False,50,18.163212880799975,13.46725531833435,50.616280003576875,-0.02548940111937624
rho8_eta0.5_tau40_eeoff,8.0,5e-13,0.04,False,100,20.57586059249808,14.789519189750512,51.43847050420416,-0.02288487302690575
rho8_eta0.5_tau40_eeon,8.0,5e-13,0.04,True,0,14.382137246878006,9.37435195251682,46.587447599370634,-0.009373709033187669
rho8_eta0.5_tau40_eeon,8.0,5e-13,0.04,True,50,42.385928520626294,14.160159830780708,52.7330906350331,-0.007285903397194829
rho8_eta0.5_tau40_eeon,8.0,5e-13,0.04,True,100,48.081328925403874,16.983311117426137,63.77416904126783,-0.04601489020903497
rho8_eta1_tau10_eeoff,8.0,1e-12,0.01,False,0,15.475280860498135,8.224288669072081,65.1482436377801,-0.00615811632983837
rho8_eta1_tau10_eeoff,8.0,1e-12,0.01,False,50,22.33321415021566,10.27097220297415,63.22926078333934,-0.02538708614744581
rho8_eta1_tau10_eeoff,8.0,1e-12,0.01,False,100,23.50869922730534,11.525402914053553,68.34433511400425,0.011969724045485387
rho8_eta1_tau10_eeon,8.0,1e-12,0.01,True,0,15.475280860498135,8.224288669072081,65.1482436377801,-0.00615811632983837
rho8_eta1_tau10_eeon,8.0,1e-12,0.01,True,50,32.04124074479862,10.082571321579978,62.006364475488084,-0.03179186456299443
rho8_eta1_tau10_eeon,8.0,1e-12,0.01,True,100,47.99885845954232,11.023733218647264,66.56792541241225,-0.026007958395940098
rho8_eta1_tau20_eeoff,8.0,1e-12,0.02,False,0,14.222976418112422,9.005331997140182,52.1497994357349,0.003272569889790758
rho8_eta1_tau20_eeoff,8.0,1e-12,0.02,False,50,31.950036683830625,12.83292328609122,51.11935962213897,-0.014603811799254983
rho8_eta1_tau20_eeoff,8.0,1e-12,0.02,False,100,28.59583100280528,14.980083228108672,56.341484812084225,-0.017811774631288683
rho8_eta1_tau20_eeon,8.0,1e-12,0.02,True,0,14.222976418112422,9.005331997140182,52.1497994357349,0.003272569889790758
rho8_eta1_tau20_eeon,8.0,1e-12,0.02,True,50,41.84603545456442,13.770530974645398,53.77983306527317,-0.02408320754333583
rho8_eta1_tau20_eeon,8.0,1e-12,0.02,True,100,47.39869345945843,15.658788138301611,64.54377461884567,-0.02905739142355168
rho8_eta1_tau40_eeoff,8.0,1e-12,0.04,False,0,17.742666381994557,9.426403171862589,41.082621602125535,-0.016796882200053084
rho8_eta1_tau40_eeoff,8.0,1e-12,0.04,False,50,25.671911058998553,16.744427428496806,43.04795413478333,-0.013367033488400897
rho8_eta1_tau40_eeoff,8.0,1e-12,0.04,False,100,23.569183350082774,20.152232570561424,45.244693737786626,-0.037715306718520566
rho8_eta1_tau40_eeon,8.0,1e-12,0.04,True,0,17.742666381994557,9.426403171862589,41.082621602125535,-0.016796882200053084
rho8_eta1_tau40_eeon,8.0,1e-12,0.04,True,50,39.63317269637961,20.97444530939737,48.44346783862867,-0.016397031861427644
rho8_eta1_tau40_eeon,8.0,1e-12,0.04,True,100,43.11459292958374,24.14026012834093,55.38425302873111,-0.053370923104553644
rho8_eta2_tau10_eeoff,8.0,2e-12,0.01,False,0,20.770126764022955,9.611277081993311,53.60358196638697,-0.03657725995667636
rho8_eta2_tau10_eeoff,8.0,2e-12,0.01,False,50,28.093499470885202,12.741618988874322,52.89312729678773,-0.022739676175700517
rho8_eta2_tau10_eeoff,8.0,2e-12,0.01,False,100,31.685449801197603,13.949758742580253,57.42019871392655,-0.03332782931873966
rho8_eta2_tau10_eeon,8.0,2e-12,0.01,True,0,20.770126764022955,9.611277081993311,53.60358196638697,-0.03657725995667636
rho8_eta2_tau10_eeon,8.0,2e-12,0.01,True,50,42.23069591247044,13.139706293874152,56.09297735839085,-0.037473761274525265
rho8_eta2_tau10_eeon,8.0,2e-12,0.01,True,100,46.28526294767879,13.54148953358355,59.40614506820354,-0.035438188153865596
rho8_eta2_tau20_eeoff,8.0,2e-12,0.02,False,0,23.587967648378797,10.90970184548684,42.9291181522957,-0.029620648778048
rho8_eta2_tau20_eeoff,8.0,2e-12,0.02,False,50,30.451396658959265,17.49956772525249,44.14076847520401,-0.0270835425680349
rho8_eta2_tau20_eeoff,8.0,2e-12,0.02,False,100,33.920260591219694,19.212579311967612,46.640220365002385,-0.02832714116134391
rho8_eta2_tau20_eeon,8.0,2e-12,0.02,True,0,23.587967648378797,10.90970184548684,42.9291181522957,-0.029620648778048
rho8_eta2_tau20_eeon,8.0,2e-12,0.02,True,50,37.07971844463511,19.562024931872347,47.35871417075266,-0.028894180129313406
rho8_eta2_tau20_eeon,8.0,2e-12,0.02,True,100,40.05365227477805,21.295090889563923,55.42511175937829,-0.03520453090999811
rho8_eta2_tau40_eeoff,8.0,2e-12,0.04,False,0,21.117387276537954,18.133556796595713,36.87445077369521,-0.028314531688046776
rho8_eta2_tau40_eeoff,8.0,2e-12,0.04,False,50,29.50015808666066,19.791873736726213,39.36693469864502,-0.02072794278779625
rho8_eta2_tau40_eeoff,8.0,2e-12,0.04,False,100,23.288686896975676,24.90784196942996,39.93667896324601,-0.051582321719359905
rho8_eta2_tau40_eeon,8.0,2e-12,0.04,True,0,21.117387276537954,18.133556796595713,36.87445077369521,-0.028314531688046776
rho8_eta2_tau40_eeon,8.0,2e-12,0.04,True,50,36.875738404884615,30.62284148580626,48.246328640154225,-0.01518182338340164
rho8_eta2_tau40_eeon,8.0,2e-12,0.04,True,100,39.20183880296017,32.89982309979097,53.53633476682876,-0.07163704330209944
rho8_eta4_tau10_eeoff,8.0,4e-12,0.01,False,0,22.038421673476805,12.76838628793774,44.074356193855785,-0.023172663875325086
rho8_eta4_tau10_eeoff,8.0,4e-12,0.01,False,50,30.23120195318968,16.18446481868216,47.376133462444244,-0.011459122898134624
rho8_eta4_tau10_eeoff,8.0,4e-12,0.01,False,100,28.99269809537328,17.62219060266092,48.5876584684199,-0.03340322151955905
rho8_eta4_tau10_eeon,8.0,4e-12,0.01,True,0,22.038421673476805,12.76838628793774,44.074356193855785,-0.023172663875325086
rho8_eta4_tau10_eeon,8.0,4e-12,0.01,True,50,35.70881179754927,17.746790644440495,48.536206826752,-0.012592515619749
rho8_eta4_tau10_eeon,8.0,4e-12,0.01,True,100,38.26864660864435,18.120222328420837,54.81967930830572,-0.027604588663099096
rho8_eta4_tau20_eeoff,8.0,4e-12,0.02,False,0,19.560586662659816,19.66649264086758,38.64287248242319,-0.013759093279874415
rho8_eta4_tau20_eeoff,8.0,4e-12,0.02,False,50,30.619766520515697,25.790823056785076,43.56317494748125,-0.04063584370706734
rho8_eta4_tau20_eeoff,8.0,4e-12,0.02,False,100,33.519375378166636,24.22677594326298,42.74056097590824,-0.04102112475119672
rho8_eta4_tau20_eeon,8.0,4e-12,0.02,True,0,19.560586662659816,19.66649264086758,38.64287248242319,-0.013759093279874415
rho8_eta4_tau20_eeon,8.0,4e-12,0.02,True,50,34.43195733511944,28.309774090924794,47.65360043460219,-0.014250805687076942
rho8_eta4_tau20_eeon,8.0,4e-12,0.02,True,100,37.44719504022399,29.56843492660082,52.04105557945884,-0.04751571606784635
rho8_eta4_tau40_eeoff,8.0,4e-12,0.04,False,0,30.221612501838685,25.180749841915844,43.13232381214877,-0.02771658029082972
rho8_eta4_tau40_eeoff,8.0,4e-12,0.04,False,50,27.94182041607349,26.46036471494141,43.19990565731345,-0.03487161853383567
rho8_eta4_tau40_eeoff,8.0,4e-12,0.04,False,100,28.795742660445736,28.036446892262898,44.97192678092549,-0.04664136729349218
rho8_eta4_tau40_eeon,8.0,4e-12,0.04,True,0,30.221612501838685,25.180749841915844,43.13232381214877,-0.02771658029082972
rho8_eta4_tau40_eeon,8.0,4e-12,0.04,True,50,39.51948137211459,38.355585739890394,52.40926652504282,-0.047991558912409915
rho8_eta4_tau40_eeon,8.0,4e-12,0.04,True,100,42.48039363941494,40.21568635960388,56.546456470336,-0.09161508773893567
